USE `isc_udmp` ;
-- SET NAMES utf8mb4;
-- SET FOREIGN_KEY_CHECKS = 0;
--
-- /*示例模型指标的模拟数据*/
--
-- /*datamodel*/
-- INSERT INTO `datamodel` (`id`, `tenant_id`, `sql_ref_id`, `er_ref_id`, `ds_ref_id`, `db_name`, `name`, `description`, `create_time`, `create_type`) VALUES (1457595347473494018, 'system', 1457595347444133890, NULL, 26, 'isc_metadata', '设备生产模型(示例)', NULL, '2021-11-08 14:26:26', 1);
-- INSERT INTO `datamodel` (`id`, `tenant_id`, `sql_ref_id`, `er_ref_id`, `ds_ref_id`, `db_name`, `name`, `description`, `create_time`, `create_type`) VALUES (1457967990526128130, 'system', 1457967990459019266, NULL, 26, 'isc_metadata', '设备运行模型(示例)', NULL, '2021-11-09 15:07:11', 1);
--
-- /*datamodel_column*/
-- INSERT INTO `datamodel_column` (`id`, `datamodel_ref_id`, `col_name`, `col_label`, `col_type`, `col_data_type`, `tenant_id`) VALUES (1458279471574499329, 1457595347473494018, 'datetime', '日期', 1, 'Date', 'system');
-- INSERT INTO `datamodel_column` (`id`, `datamodel_ref_id`, `col_name`, `col_label`, `col_type`, `col_data_type`, `tenant_id`) VALUES (1458279471788408834, 1457595347473494018, 'year', '年', 1, 'String', 'system');
-- INSERT INTO `datamodel_column` (`id`, `datamodel_ref_id`, `col_name`, `col_label`, `col_type`, `col_data_type`, `tenant_id`) VALUES (1458279471788408835, 1457595347473494018, 'month', '月', 1, 'String', 'system');
-- INSERT INTO `datamodel_column` (`id`, `datamodel_ref_id`, `col_name`, `col_label`, `col_type`, `col_data_type`, `tenant_id`) VALUES (1458279471838740482, 1457595347473494018, 'day', '日', 1, 'String', 'system');
-- INSERT INTO `datamodel_column` (`id`, `datamodel_ref_id`, `col_name`, `col_label`, `col_type`, `col_data_type`, `tenant_id`) VALUES (1458279471868100609, 1457595347473494018, 'product_name', '产品名', 1, 'String', 'system');
-- INSERT INTO `datamodel_column` (`id`, `datamodel_ref_id`, `col_name`, `col_label`, `col_type`, `col_data_type`, `tenant_id`) VALUES (1458279471868100610, 1457595347473494018, 'device_code', '设备号', 1, 'Int64', 'system');
-- INSERT INTO `datamodel_column` (`id`, `datamodel_ref_id`, `col_name`, `col_label`, `col_type`, `col_data_type`, `tenant_id`) VALUES (1458279471868100611, 1457595347473494018, 'device_name', '设备名', 1, 'String', 'system');
-- INSERT INTO `datamodel_column` (`id`, `datamodel_ref_id`, `col_name`, `col_label`, `col_type`, `col_data_type`, `tenant_id`) VALUES (1458279471868100612, 1457595347473494018, 'produce_num', '生产总量', 2, 'Int32', 'system');
-- INSERT INTO `datamodel_column` (`id`, `datamodel_ref_id`, `col_name`, `col_label`, `col_type`, `col_data_type`, `tenant_id`) VALUES (1458279471868100613, 1457595347473494018, 'problem_type', '问题类型', 1, 'String', 'system');
-- INSERT INTO `datamodel_column` (`id`, `datamodel_ref_id`, `col_name`, `col_label`, `col_type`, `col_data_type`, `tenant_id`) VALUES (1458279471939403777, 1457595347473494018, 'rework_num', '返工数量', 2, 'Int32', 'system');
-- INSERT INTO `datamodel_column` (`id`, `datamodel_ref_id`, `col_name`, `col_label`, `col_type`, `col_data_type`, `tenant_id`) VALUES (1458279471939403778, 1457595347473494018, 'discard_num', '废弃数量', 2, 'Int32', 'system');
-- INSERT INTO `datamodel_column` (`id`, `datamodel_ref_id`, `col_name`, `col_label`, `col_type`, `col_data_type`, `tenant_id`) VALUES (1458280613754781697, 1457967990526128130, 'datetime', '日期', 1, 'Date', 'system');
-- INSERT INTO `datamodel_column` (`id`, `datamodel_ref_id`, `col_name`, `col_label`, `col_type`, `col_data_type`, `tenant_id`) VALUES (1458280613796724737, 1457967990526128130, 'year', '年', 1, 'String', 'system');
-- INSERT INTO `datamodel_column` (`id`, `datamodel_ref_id`, `col_name`, `col_label`, `col_type`, `col_data_type`, `tenant_id`) VALUES (1458280613796724738, 1457967990526128130, 'month', '月', 1, 'String', 'system');
-- INSERT INTO `datamodel_column` (`id`, `datamodel_ref_id`, `col_name`, `col_label`, `col_type`, `col_data_type`, `tenant_id`) VALUES (1458280613796724739, 1457967990526128130, 'day', '日', 1, 'String', 'system');
-- INSERT INTO `datamodel_column` (`id`, `datamodel_ref_id`, `col_name`, `col_label`, `col_type`, `col_data_type`, `tenant_id`) VALUES (1458280613821890562, 1457967990526128130, 'product_code', '产品号', 1, 'String', 'system');
-- INSERT INTO `datamodel_column` (`id`, `datamodel_ref_id`, `col_name`, `col_label`, `col_type`, `col_data_type`, `tenant_id`) VALUES (1458280613821890563, 1457967990526128130, 'product_name', '产品名', 1, 'String', 'system');
-- INSERT INTO `datamodel_column` (`id`, `datamodel_ref_id`, `col_name`, `col_label`, `col_type`, `col_data_type`, `tenant_id`) VALUES (1458280613821890564, 1457967990526128130, 'device_code', '设备号', 1, 'Int64', 'system');
-- INSERT INTO `datamodel_column` (`id`, `datamodel_ref_id`, `col_name`, `col_label`, `col_type`, `col_data_type`, `tenant_id`) VALUES (1458280613821890565, 1457967990526128130, 'device_name', '设备名', 1, 'String', 'system');
-- INSERT INTO `datamodel_column` (`id`, `datamodel_ref_id`, `col_name`, `col_label`, `col_type`, `col_data_type`, `tenant_id`) VALUES (1458280613821890566, 1457967990526128130, 'produce_num', '生产量', 2, 'Int32', 'system');
-- INSERT INTO `datamodel_column` (`id`, `datamodel_ref_id`, `col_name`, `col_label`, `col_type`, `col_data_type`, `tenant_id`) VALUES (1458280613884805121, 1457967990526128130, 'seq_time', '单个零件生产时长(s)', 2, 'Int8', 'system');
-- INSERT INTO `datamodel_column` (`id`, `datamodel_ref_id`, `col_name`, `col_label`, `col_type`, `col_data_type`, `tenant_id`) VALUES (1458280613905776642, 1457967990526128130, 'real_runtime', '设备实际生产时长(s)', 2, 'Int64', 'system');
-- INSERT INTO `datamodel_column` (`id`, `datamodel_ref_id`, `col_name`, `col_label`, `col_type`, `col_data_type`, `tenant_id`) VALUES (1458280613914165249, 1457967990526128130, 'rework_num', '返工数量', 2, 'Int32', 'system');
-- INSERT INTO `datamodel_column` (`id`, `datamodel_ref_id`, `col_name`, `col_label`, `col_type`, `col_data_type`, `tenant_id`) VALUES (1458280613914165250, 1457967990526128130, 'rework_time', '单个返工零件重新加工时间(s)', 2, 'Int32', 'system');
-- INSERT INTO `datamodel_column` (`id`, `datamodel_ref_id`, `col_name`, `col_label`, `col_type`, `col_data_type`, `tenant_id`) VALUES (1458280613914165251, 1457967990526128130, 'discard_num', '废弃数量', 2, 'Int32', 'system');
-- INSERT INTO `datamodel_column` (`id`, `datamodel_ref_id`, `col_name`, `col_label`, `col_type`, `col_data_type`, `tenant_id`) VALUES (1458280613977079810, 1457967990526128130, 'rated_runtime', '计划运行时间', 2, 'Int64', 'system');
--
-- /*metric*/
-- INSERT INTO `metric` (`id`, `tenant_id`, `sql_ref_id`, `group_ref_id`, `datamodel_ref_id`, `extend_path`, `name`, `description`, `dimension`, `formula`, `time_period_dim`, `time_period_unit`, `time_period_number`, `task_cron`, `create_time`) VALUES (1457596115534442498, 'system', 1457596115647688705, 1457595620803702785, 1457595347473494018, '/', '各类型零件一次性合格率', '各类型零件一次性合格率.\n公式:(零件A产量-零件A不合格数量)/零件A总产量', 'product_name', '(produce_num-rework_num)/produce_num*100', '', '', 1, '', '2021-11-08 14:29:29');
-- INSERT INTO `metric` (`id`, `tenant_id`, `sql_ref_id`, `group_ref_id`, `datamodel_ref_id`, `extend_path`, `name`, `description`, `dimension`, `formula`, `time_period_dim`, `time_period_unit`, `time_period_number`, `task_cron`, `create_time`) VALUES (1457632063528591361, 'system', 1457632063687974913, 1457595620803702785, 1457595347473494018, '/1457596115534442498/1457632063528591361', '每年各月零件一次性合格率', '最近1自然年内每月所有类型零件的平均合格率.', 'month', '(produce_num-rework_num)/produce_num*100', 'datetime', 'year', 1, '', '2021-11-08 16:52:20');
-- INSERT INTO `metric` (`id`, `tenant_id`, `sql_ref_id`, `group_ref_id`, `datamodel_ref_id`, `extend_path`, `name`, `description`, `dimension`, `formula`, `time_period_dim`, `time_period_unit`, `time_period_number`, `task_cron`, `create_time`) VALUES (1457633090541674497, 'system', 1457633090831081473, 1457595620803702785, 1457595347473494018, '/1457596115534442498/1457633090541674497', '每月各类型零件一次性合格率', '每月各类型零件平均一次性合格率', 'product_name', '(produce_num-rework_num)/produce_num*100', 'datetime', 'month', 1, '', '2021-11-08 16:56:25');
-- INSERT INTO `metric` (`id`, `tenant_id`, `sql_ref_id`, `group_ref_id`, `datamodel_ref_id`, `extend_path`, `name`, `description`, `dimension`, `formula`, `time_period_dim`, `time_period_unit`, `time_period_number`, `task_cron`, `create_time`) VALUES (1457633537377656834, 'system', 1457633537549623297, 1457595620803702785, 1457595347473494018, '/1457596115534442498/1457633537377656834', '每日各类型零件一次性合格率', '每日各类型零件合格率', 'product_name', '(produce_num-rework_num)/produce_num*100', 'datetime', 'day', 1, '', '2021-11-08 16:58:11');
-- INSERT INTO `metric` (`id`, `tenant_id`, `sql_ref_id`, `group_ref_id`, `datamodel_ref_id`, `extend_path`, `name`, `description`, `dimension`, `formula`, `time_period_dim`, `time_period_unit`, `time_period_number`, `task_cron`, `create_time`) VALUES (1457636376351039490, 'system', 1457636376527200258, 1457595620803702785, 1457595347473494018, '/', '各类型零件实际产量', '各类型零件实际产量,公式:零件A总产量-零件A报废总量', 'product_name', 'produce_num-discard_num', '', '', 1, '', '2021-11-08 17:09:28');
-- INSERT INTO `metric` (`id`, `tenant_id`, `sql_ref_id`, `group_ref_id`, `datamodel_ref_id`, `extend_path`, `name`, `description`, `dimension`, `formula`, `time_period_dim`, `time_period_unit`, `time_period_number`, `task_cron`, `create_time`) VALUES (1457657929037996034, 'system', 1457657929226739714, 1457595620803702785, 1457595347473494018, '/1457636376351039490/1457657929037996034', '每年各月零件总产量', '自然年内每月零件总产量', 'month', 'produce_num-discard_num', 'datetime', 'year', 1, '', '2021-11-08 18:35:07');
-- INSERT INTO `metric` (`id`, `tenant_id`, `sql_ref_id`, `group_ref_id`, `datamodel_ref_id`, `extend_path`, `name`, `description`, `dimension`, `formula`, `time_period_dim`, `time_period_unit`, `time_period_number`, `task_cron`, `create_time`) VALUES (1457658730695319554, 'system', 1457658730900840449, 1457595620803702785, 1457595347473494018, '/1457636376351039490/1457658730695319554', '每月各类型零件实际产量', '每月各类型零件实际产量', 'product_name', 'produce_num-discard_num', 'datetime', 'month', 1, '', '2021-11-08 18:38:18');
-- INSERT INTO `metric` (`id`, `tenant_id`, `sql_ref_id`, `group_ref_id`, `datamodel_ref_id`, `extend_path`, `name`, `description`, `dimension`, `formula`, `time_period_dim`, `time_period_unit`, `time_period_number`, `task_cron`, `create_time`) VALUES (1457659198905475074, 'system', 1457659199110995969, 1457595620803702785, 1457595347473494018, '/1457636376351039490/1457659198905475074', '每日各类型零件实际产量', '每日各类型零件实际产量', 'product_name', 'produce_num-discard_num', 'datetime', 'day', 1, '', '2021-11-08 18:40:10');
-- INSERT INTO `metric` (`id`, `tenant_id`, `sql_ref_id`, `group_ref_id`, `datamodel_ref_id`, `extend_path`, `name`, `description`, `dimension`, `formula`, `time_period_dim`, `time_period_unit`, `time_period_number`, `task_cron`, `create_time`) VALUES (1457974867293057026, 'system', 1457974868639428609, 1457595620803702785, 1457967990526128130, '/', '各类型设备平均OEE', '各类型设备平均OEE,以下为计算公式:\n\nOEE= 时间开动率×性能开动率×合格品率;\n\n时间开动率= 实际运行时间/计划运行时间;\n\n性能开动率=净开动率×速度开动率;\n\n净开动率=加工数量×零件理论加工周期/实际生产时间;\n\n速度开动率=理论加工周期/实际加工周期;\n\n合格品率= 一次性合格品数量/ 总加工数量;', 'device_name', '(real_runtime/rated_runtime)*((produce_num*seq_time/real_runtime)*(seq_time/(real_runtime/produce_num)))*((produce_num-rework_num)/produce_num)', '', '', 1, '', '2021-11-09 15:34:31');
-- INSERT INTO `metric` (`id`, `tenant_id`, `sql_ref_id`, `group_ref_id`, `datamodel_ref_id`, `extend_path`, `name`, `description`, `dimension`, `formula`, `time_period_dim`, `time_period_unit`, `time_period_number`, `task_cron`, `create_time`) VALUES (1457992746033950721, 'system', 1457992747002834946, 1457595620803702785, 1457967990526128130, '/1457974867293057026/1457992746033950721', '各类型设备每月OEE', '每月各类型设备平均OEE', 'device_name', '(real_runtime/rated_runtime)*((produce_num*seq_time/real_runtime)*(seq_time/(real_runtime/produce_num)))*((produce_num-rework_num)/produce_num)', 'datetime', 'month', 1, '', '2021-11-09 16:45:34');
-- INSERT INTO `metric` (`id`, `tenant_id`, `sql_ref_id`, `group_ref_id`, `datamodel_ref_id`, `extend_path`, `name`, `description`, `dimension`, `formula`, `time_period_dim`, `time_period_unit`, `time_period_number`, `task_cron`, `create_time`) VALUES (1457993183000735746, 'system', 1457993183285948418, 1457595620803702785, 1457967990526128130, '/1457974867293057026/1457993183000735746', '各类型设备每日OEE', '每日各类型设备OEE', 'device_name', '(real_runtime/rated_runtime)*((produce_num*seq_time/real_runtime)*(seq_time/(real_runtime/produce_num)))*((produce_num-rework_num)/produce_num)', 'datetime', 'day', 1, '', '2021-11-09 16:47:18');
-- INSERT INTO `metric` (`id`, `tenant_id`, `sql_ref_id`, `group_ref_id`, `datamodel_ref_id`, `extend_path`, `name`, `description`, `dimension`, `formula`, `time_period_dim`, `time_period_unit`, `time_period_number`, `task_cron`, `create_time`) VALUES (1457995724497301505, 'system', 1457995725021589505, 1457595620803702785, 1457595347473494018, '/', '各类型零件报废率', '各类型零件平均报废率,公式:零件A报废数/零件A总生产数', 'product_name', 'discard_num/produce_num*100', '', '', 1, '', '2021-11-09 16:57:24');
-- INSERT INTO `metric` (`id`, `tenant_id`, `sql_ref_id`, `group_ref_id`, `datamodel_ref_id`, `extend_path`, `name`, `description`, `dimension`, `formula`, `time_period_dim`, `time_period_unit`, `time_period_number`, `task_cron`, `create_time`) VALUES (1457998430049873922, 'system', 1457998430821625857, 1457595620803702785, 1457595347473494018, '/1457995724497301505/1457998430049873922', '各类型零件每月报废率', '各类型零件每月平均报废率', 'product_name', 'discard_num/produce_num*100', 'datetime', 'month', 1, '', '2021-11-09 17:08:09');
-- INSERT INTO `metric` (`id`, `tenant_id`, `sql_ref_id`, `group_ref_id`, `datamodel_ref_id`, `extend_path`, `name`, `description`, `dimension`, `formula`, `time_period_dim`, `time_period_unit`, `time_period_number`, `task_cron`, `create_time`) VALUES (1457998939502620674, 'system', 1457998940240818177, 1457595620803702785, 1457595347473494018, '/1457995724497301505/1457998939502620674', '各类型零件每日报废率', '各类型零件每日报废率', 'product_name', 'discard_num/produce_num*100', 'datetime', 'day', 1, '', '2021-11-09 17:10:10');
--
-- /*metric_group*/
-- INSERT INTO `metric_group` (`id`, `group_name`, `tenant_id`) VALUES (1457595620803702785, '示例指标', 'system');
--
-- /*metric_measure*/
-- INSERT INTO `metric_measure` (`id`, `metric_ref_id`, `measure_col_name`, `measure_agg_type`, `tenant_id`) VALUES (1458026894756884482, 1457596115534442498, 'produce_num', 'sum', 'system');
-- INSERT INTO `metric_measure` (`id`, `metric_ref_id`, `measure_col_name`, `measure_agg_type`, `tenant_id`) VALUES (1458026894765273089, 1457596115534442498, 'rework_num', 'sum', 'system');
-- INSERT INTO `metric_measure` (`id`, `metric_ref_id`, `measure_col_name`, `measure_agg_type`, `tenant_id`) VALUES (1458026195805483009, 1457632063528591361, 'produce_num', 'avg', 'system');
-- INSERT INTO `metric_measure` (`id`, `metric_ref_id`, `measure_col_name`, `measure_agg_type`, `tenant_id`) VALUES (1458026195805483010, 1457632063528591361, 'rework_num', 'avg', 'system');
-- INSERT INTO `metric_measure` (`id`, `metric_ref_id`, `measure_col_name`, `measure_agg_type`, `tenant_id`) VALUES (1458026164423700482, 1457633090541674497, 'produce_num', 'avg', 'system');
-- INSERT INTO `metric_measure` (`id`, `metric_ref_id`, `measure_col_name`, `measure_agg_type`, `tenant_id`) VALUES (1458026164457254914, 1457633090541674497, 'rework_num', 'avg', 'system');
-- INSERT INTO `metric_measure` (`id`, `metric_ref_id`, `measure_col_name`, `measure_agg_type`, `tenant_id`) VALUES (1457999842796318721, 1457633537377656834, 'produce_num', 'avg', 'system');
-- INSERT INTO `metric_measure` (`id`, `metric_ref_id`, `measure_col_name`, `measure_agg_type`, `tenant_id`) VALUES (1457999842800513025, 1457633537377656834, 'rework_num', 'avg', 'system');
-- INSERT INTO `metric_measure` (`id`, `metric_ref_id`, `measure_col_name`, `measure_agg_type`, `tenant_id`) VALUES (1458026793871290369, 1457636376351039490, 'produce_num', 'sum', 'system');
-- INSERT INTO `metric_measure` (`id`, `metric_ref_id`, `measure_col_name`, `measure_agg_type`, `tenant_id`) VALUES (1458026793871290370, 1457636376351039490, 'discard_num', 'sum', 'system');
-- INSERT INTO `metric_measure` (`id`, `metric_ref_id`, `measure_col_name`, `measure_agg_type`, `tenant_id`) VALUES (1458026741656399873, 1457657929037996034, 'produce_num', 'sum', 'system');
-- INSERT INTO `metric_measure` (`id`, `metric_ref_id`, `measure_col_name`, `measure_agg_type`, `tenant_id`) VALUES (1458026741673177089, 1457657929037996034, 'discard_num', 'sum', 'system');
-- INSERT INTO `metric_measure` (`id`, `metric_ref_id`, `measure_col_name`, `measure_agg_type`, `tenant_id`) VALUES (1458026603860930562, 1457658730695319554, 'produce_num', 'sum', 'system');
-- INSERT INTO `metric_measure` (`id`, `metric_ref_id`, `measure_col_name`, `measure_agg_type`, `tenant_id`) VALUES (1458026603860930563, 1457658730695319554, 'discard_num', 'sum', 'system');
-- INSERT INTO `metric_measure` (`id`, `metric_ref_id`, `measure_col_name`, `measure_agg_type`, `tenant_id`) VALUES (1458026668096696321, 1457659198905475074, 'produce_num', 'sum', 'system');
-- INSERT INTO `metric_measure` (`id`, `metric_ref_id`, `measure_col_name`, `measure_agg_type`, `tenant_id`) VALUES (1458026668096696322, 1457659198905475074, 'discard_num', 'sum', 'system');
-- INSERT INTO `metric_measure` (`id`, `metric_ref_id`, `measure_col_name`, `measure_agg_type`, `tenant_id`) VALUES (1458273296153665537, 1457974867293057026, 'real_runtime', 'avg', 'system');
-- INSERT INTO `metric_measure` (`id`, `metric_ref_id`, `measure_col_name`, `measure_agg_type`, `tenant_id`) VALUES (1458273296191414274, 1457974867293057026, 'produce_num', 'avg', 'system');
-- INSERT INTO `metric_measure` (`id`, `metric_ref_id`, `measure_col_name`, `measure_agg_type`, `tenant_id`) VALUES (1458273296191414275, 1457974867293057026, 'seq_time', 'avg', 'system');
-- INSERT INTO `metric_measure` (`id`, `metric_ref_id`, `measure_col_name`, `measure_agg_type`, `tenant_id`) VALUES (1458273296191414276, 1457974867293057026, 'rated_runtime', 'avg', 'system');
-- INSERT INTO `metric_measure` (`id`, `metric_ref_id`, `measure_col_name`, `measure_agg_type`, `tenant_id`) VALUES (1458273296191414277, 1457974867293057026, 'rework_num', 'avg', 'system');
-- INSERT INTO `metric_measure` (`id`, `metric_ref_id`, `measure_col_name`, `measure_agg_type`, `tenant_id`) VALUES (1458027541602447361, 1457992746033950721, 'produce_num', 'avg', 'system');
-- INSERT INTO `metric_measure` (`id`, `metric_ref_id`, `measure_col_name`, `measure_agg_type`, `tenant_id`) VALUES (1458027541610835970, 1457992746033950721, 'seq_time', 'avg', 'system');
-- INSERT INTO `metric_measure` (`id`, `metric_ref_id`, `measure_col_name`, `measure_agg_type`, `tenant_id`) VALUES (1458027541610835971, 1457992746033950721, 'real_runtime', 'avg', 'system');
-- INSERT INTO `metric_measure` (`id`, `metric_ref_id`, `measure_col_name`, `measure_agg_type`, `tenant_id`) VALUES (1458027541610835972, 1457992746033950721, 'rework_num', 'avg', 'system');
-- INSERT INTO `metric_measure` (`id`, `metric_ref_id`, `measure_col_name`, `measure_agg_type`, `tenant_id`) VALUES (1458027541610835973, 1457992746033950721, 'rated_runtime', 'avg', 'system');
-- INSERT INTO `metric_measure` (`id`, `metric_ref_id`, `measure_col_name`, `measure_agg_type`, `tenant_id`) VALUES (1458027510409408514, 1457993183000735746, 'produce_num', 'avg', 'system');
-- INSERT INTO `metric_measure` (`id`, `metric_ref_id`, `measure_col_name`, `measure_agg_type`, `tenant_id`) VALUES (1458027510417797122, 1457993183000735746, 'seq_time', 'avg', 'system');
-- INSERT INTO `metric_measure` (`id`, `metric_ref_id`, `measure_col_name`, `measure_agg_type`, `tenant_id`) VALUES (1458027510417797123, 1457993183000735746, 'real_runtime', 'avg', 'system');
-- INSERT INTO `metric_measure` (`id`, `metric_ref_id`, `measure_col_name`, `measure_agg_type`, `tenant_id`) VALUES (1458027510417797124, 1457993183000735746, 'rework_num', 'avg', 'system');
-- INSERT INTO `metric_measure` (`id`, `metric_ref_id`, `measure_col_name`, `measure_agg_type`, `tenant_id`) VALUES (1458027510417797125, 1457993183000735746, 'rated_runtime', 'avg', 'system');
-- INSERT INTO `metric_measure` (`id`, `metric_ref_id`, `measure_col_name`, `measure_agg_type`, `tenant_id`) VALUES (1458027652218826753, 1457995724497301505, 'produce_num', 'sum', 'system');
-- INSERT INTO `metric_measure` (`id`, `metric_ref_id`, `measure_col_name`, `measure_agg_type`, `tenant_id`) VALUES (1458027652218826754, 1457995724497301505, 'discard_num', 'sum', 'system');
-- INSERT INTO `metric_measure` (`id`, `metric_ref_id`, `measure_col_name`, `measure_agg_type`, `tenant_id`) VALUES (1458027681331490818, 1457998430049873922, 'produce_num', 'sum', 'system');
-- INSERT INTO `metric_measure` (`id`, `metric_ref_id`, `measure_col_name`, `measure_agg_type`, `tenant_id`) VALUES (1458027681348268033, 1457998430049873922, 'discard_num', 'sum', 'system');
-- INSERT INTO `metric_measure` (`id`, `metric_ref_id`, `measure_col_name`, `measure_agg_type`, `tenant_id`) VALUES (1458027709777260545, 1457998939502620674, 'produce_num', 'sum', 'system');
-- INSERT INTO `metric_measure` (`id`, `metric_ref_id`, `measure_col_name`, `measure_agg_type`, `tenant_id`) VALUES (1458027709789843457, 1457998939502620674, 'discard_num', 'sum', 'system');
--
-- /*sql_statement*/
-- INSERT INTO `sql_statement` (`id`, `encoded_sql`, `tenant_id`) VALUES (1457595347444133890, 'select\na.ymd as datetime,\nformatDateTime(a.ymd,\'%Y\') as year,\nformatDateTime(a.ymd,\'%Y-%m\') as month,\nformatDateTime(a.ymd,\'%Y-%m-%d\') as day,\nb.product_name as product_name,\na.device_code as device_code,\nc.device_name as device_name,\na.produce_num as produce_num,\nb.problem_type as problem_type,\nb.rework_num as rework_num,\nb.discard_num as discard_num\nfrom \ndemo_productnumber a \nleft join \ndemo_quality b on a.record_id = b.record_id \nleft join \ndemo_device c on a.device_code = c.device_code\nleft JOIN\ndemo_product d on a.product_code = d.product_name ', 'system');
-- INSERT INTO `sql_statement` (`id`, `encoded_sql`, `tenant_id`) VALUES (1457596115647688705, 'SELECT sum(produce_num) AS produce_num,sum(rework_num) AS rework_num,product_name FROM (select\na.ymd as datetime,\ntoYear(toDate(a.ymd)) as year_det,\ntoMonth(toDate(a.ymd)) as month_det,\ntoDayOfMonth(toDate(a.ymd)) as day_det,\nformatDateTime(a.ymd,\'%Y\') as year,\nformatDateTime(a.ymd,\'%Y-%m\') as month,\nformatDateTime(a.ymd,\'%Y-%m-%d\') as day,\nb.product_name as product_name,\na.device_code as device_code,\nc.device_name as device_name,\na.produce_num as produce_num,\nb.problem_type as problem_type,\nb.rework_num as rework_num,\nb.discard_num as discard_num\nfrom \ndemo_productnumber a \nleft join \ndemo_quality b on a.record_id = b.record_id \nleft join \ndemo_device c on a.device_code = c.device_code\nleft JOIN\ndemo_product d on a.product_code = d.product_name \nwhere\na.ymd between \'2020-01-01\' and \'2022-01-01\') base WHERE 1=1 ${dynamic_filters_placeholder} GROUP BY product_name', 'system');
-- INSERT INTO `sql_statement` (`id`, `encoded_sql`, `tenant_id`) VALUES (1457632063687974913, 'SELECT sum(produce_num) AS produce_num,sum(rework_num) AS rework_num,month FROM (select\na.ymd as datetime,\ntoYear(toDate(a.ymd)) as year_det,\ntoMonth(toDate(a.ymd)) as month_det,\ntoDayOfMonth(toDate(a.ymd)) as day_det,\nformatDateTime(a.ymd,\'%Y\') as year,\nformatDateTime(a.ymd,\'%Y-%m\') as month,\nformatDateTime(a.ymd,\'%Y-%m-%d\') as day,\nb.product_name as product_name,\na.device_code as device_code,\nc.device_name as device_name,\na.produce_num as produce_num,\nb.problem_type as problem_type,\nb.rework_num as rework_num,\nb.discard_num as discard_num\nfrom \ndemo_productnumber a \nleft join \ndemo_quality b on a.record_id = b.record_id \nleft join \ndemo_device c on a.device_code = c.device_code\nleft JOIN\ndemo_product d on a.product_code = d.product_name \nwhere\na.ymd between \'2020-01-01\' and \'2022-01-01\') base WHERE 1=1  AND datetime between #{startTime} and #{endTime}${dynamic_filters_placeholder} GROUP BY month', 'system');
-- INSERT INTO `sql_statement` (`id`, `encoded_sql`, `tenant_id`) VALUES (1457633090831081473, 'SELECT sum(produce_num) AS produce_num,sum(rework_num) AS rework_num,product_name FROM (select\na.ymd as datetime,\ntoYear(toDate(a.ymd)) as year_det,\ntoMonth(toDate(a.ymd)) as month_det,\ntoDayOfMonth(toDate(a.ymd)) as day_det,\nformatDateTime(a.ymd,\'%Y\') as year,\nformatDateTime(a.ymd,\'%Y-%m\') as month,\nformatDateTime(a.ymd,\'%Y-%m-%d\') as day,\nb.product_name as product_name,\na.device_code as device_code,\nc.device_name as device_name,\na.produce_num as produce_num,\nb.problem_type as problem_type,\nb.rework_num as rework_num,\nb.discard_num as discard_num\nfrom \ndemo_productnumber a \nleft join \ndemo_quality b on a.record_id = b.record_id \nleft join \ndemo_device c on a.device_code = c.device_code\nleft JOIN\ndemo_product d on a.product_code = d.product_name \nwhere\na.ymd between \'2020-01-01\' and \'2022-01-01\') base WHERE 1=1  AND datetime between #{startTime} and #{endTime}${dynamic_filters_placeholder} GROUP BY product_name', 'system');
-- INSERT INTO `sql_statement` (`id`, `encoded_sql`, `tenant_id`) VALUES (1457633537549623297, 'SELECT sum(produce_num) AS produce_num,sum(rework_num) AS rework_num,product_name FROM (select\na.ymd as datetime,\ntoYear(toDate(a.ymd)) as year_det,\ntoMonth(toDate(a.ymd)) as month_det,\ntoDayOfMonth(toDate(a.ymd)) as day_det,\nformatDateTime(a.ymd,\'%Y\') as year,\nformatDateTime(a.ymd,\'%Y-%m\') as month,\nformatDateTime(a.ymd,\'%Y-%m-%d\') as day,\nb.product_name as product_name,\na.device_code as device_code,\nc.device_name as device_name,\na.produce_num as produce_num,\nb.problem_type as problem_type,\nb.rework_num as rework_num,\nb.discard_num as discard_num\nfrom \ndemo_productnumber a \nleft join \ndemo_quality b on a.record_id = b.record_id \nleft join \ndemo_device c on a.device_code = c.device_code\nleft JOIN\ndemo_product d on a.product_code = d.product_name \nwhere\na.ymd between \'2020-01-01\' and \'2022-01-01\') base WHERE 1=1  AND datetime between #{startTime} and #{endTime}${dynamic_filters_placeholder} GROUP BY product_name', 'system');
-- INSERT INTO `sql_statement` (`id`, `encoded_sql`, `tenant_id`) VALUES (1457636376527200258, 'SELECT sum(produce_num) AS produce_num,sum(discard_num) AS discard_num,product_name FROM (select\na.ymd as datetime,\ntoYear(toDate(a.ymd)) as year_det,\ntoMonth(toDate(a.ymd)) as month_det,\ntoDayOfMonth(toDate(a.ymd)) as day_det,\nformatDateTime(a.ymd,\'%Y\') as year,\nformatDateTime(a.ymd,\'%Y-%m\') as month,\nformatDateTime(a.ymd,\'%Y-%m-%d\') as day,\nb.product_name as product_name,\na.device_code as device_code,\nc.device_name as device_name,\na.produce_num as produce_num,\nb.problem_type as problem_type,\nb.rework_num as rework_num,\nb.discard_num as discard_num\nfrom \ndemo_productnumber a \nleft join \ndemo_quality b on a.record_id = b.record_id \nleft join \ndemo_device c on a.device_code = c.device_code\nleft JOIN\ndemo_product d on a.product_code = d.product_name \nwhere\na.ymd between \'2020-01-01\' and \'2022-01-01\') base WHERE 1=1 ${dynamic_filters_placeholder} GROUP BY product_name', 'system');
-- INSERT INTO `sql_statement` (`id`, `encoded_sql`, `tenant_id`) VALUES (1457657929226739714, 'SELECT sum(produce_num) AS produce_num,sum(discard_num) AS discard_num,month FROM (select\na.ymd as datetime,\ntoYear(toDate(a.ymd)) as year_det,\ntoMonth(toDate(a.ymd)) as month_det,\ntoDayOfMonth(toDate(a.ymd)) as day_det,\nformatDateTime(a.ymd,\'%Y\') as year,\nformatDateTime(a.ymd,\'%Y-%m\') as month,\nformatDateTime(a.ymd,\'%Y-%m-%d\') as day,\nb.product_name as product_name,\na.device_code as device_code,\nc.device_name as device_name,\na.produce_num as produce_num,\nb.problem_type as problem_type,\nb.rework_num as rework_num,\nb.discard_num as discard_num\nfrom \ndemo_productnumber a \nleft join \ndemo_quality b on a.record_id = b.record_id \nleft join \ndemo_device c on a.device_code = c.device_code\nleft JOIN\ndemo_product d on a.product_code = d.product_name \nwhere\na.ymd between \'2020-01-01\' and \'2022-01-01\') base WHERE 1=1  AND datetime between #{startTime} and #{endTime}${dynamic_filters_placeholder} GROUP BY month', 'system');
-- INSERT INTO `sql_statement` (`id`, `encoded_sql`, `tenant_id`) VALUES (1457658730900840449, 'SELECT sum(produce_num) AS produce_num,sum(discard_num) AS discard_num,product_name FROM (select\na.ymd as datetime,\ntoYear(toDate(a.ymd)) as year_det,\ntoMonth(toDate(a.ymd)) as month_det,\ntoDayOfMonth(toDate(a.ymd)) as day_det,\nformatDateTime(a.ymd,\'%Y\') as year,\nformatDateTime(a.ymd,\'%Y-%m\') as month,\nformatDateTime(a.ymd,\'%Y-%m-%d\') as day,\nb.product_name as product_name,\na.device_code as device_code,\nc.device_name as device_name,\na.produce_num as produce_num,\nb.problem_type as problem_type,\nb.rework_num as rework_num,\nb.discard_num as discard_num\nfrom \ndemo_productnumber a \nleft join \ndemo_quality b on a.record_id = b.record_id \nleft join \ndemo_device c on a.device_code = c.device_code\nleft JOIN\ndemo_product d on a.product_code = d.product_name \nwhere\na.ymd between \'2020-01-01\' and \'2022-01-01\') base WHERE 1=1  AND datetime between #{startTime} and #{endTime}${dynamic_filters_placeholder} GROUP BY product_name', 'system');
-- INSERT INTO `sql_statement` (`id`, `encoded_sql`, `tenant_id`) VALUES (1457659199110995969, 'SELECT sum(produce_num) AS produce_num,sum(discard_num) AS discard_num,product_name FROM (select\na.ymd as datetime,\ntoYear(toDate(a.ymd)) as year_det,\ntoMonth(toDate(a.ymd)) as month_det,\ntoDayOfMonth(toDate(a.ymd)) as day_det,\nformatDateTime(a.ymd,\'%Y\') as year,\nformatDateTime(a.ymd,\'%Y-%m\') as month,\nformatDateTime(a.ymd,\'%Y-%m-%d\') as day,\nb.product_name as product_name,\na.device_code as device_code,\nc.device_name as device_name,\na.produce_num as produce_num,\nb.problem_type as problem_type,\nb.rework_num as rework_num,\nb.discard_num as discard_num\nfrom \ndemo_productnumber a \nleft join \ndemo_quality b on a.record_id = b.record_id \nleft join \ndemo_device c on a.device_code = c.device_code\nleft JOIN\ndemo_product d on a.product_code = d.product_name \nwhere\na.ymd between \'2020-01-01\' and \'2022-01-01\') base WHERE 1=1  AND datetime between #{startTime} and #{endTime}${dynamic_filters_placeholder} GROUP BY product_name', 'system');
-- INSERT INTO `sql_statement` (`id`, `encoded_sql`, `tenant_id`) VALUES (1457967990459019266, 'select\na.ymd as datetime,\nformatDateTime(a.ymd,\'%Y\') as year,\nformatDateTime(a.ymd,\'%Y-%m\') as month,\nformatDateTime(a.ymd,\'%Y-%m-%d\') as day,\na.product_code as product_code,\nb.product_name as product_name,\na.device_code as device_code,\nc.device_name as device_name,\na.produce_num as produce_num,\na.seq_time as seq_time,\na.real_runtime as real_runtime,\nb.rework_num as rework_num,\nb.rework_time as rework_time,\nb.discard_num as discard_num,\nrated_runtime as rated_runtime\nfrom \ndemo_productnumber a \nleft join \ndemo_quality b on a.record_id = b.record_id \nleft join \ndemo_device c on a.device_code = c.device_code\nleft JOIN\ndemo_product d on a.product_code = d.product_name \nleft JOIN\ndemo_runtime e on a.device_code = e.device_code ', 'system');
-- INSERT INTO `sql_statement` (`id`, `encoded_sql`, `tenant_id`) VALUES (1457974868639428609, 'SELECT avg(real_runtime) AS real_runtime,avg(produce_num) AS produce_num,avg(seq_time) AS seq_time,avg(rated_runtime) AS rated_runtime,avg(rework_num) AS rework_num,device_name FROM (select\na.ymd as datetime,\nformatDateTime(a.ymd,\'%Y\') as year,\nformatDateTime(a.ymd,\'%Y-%m\') as month,\nformatDateTime(a.ymd,\'%Y-%m-%d\') as day,\na.product_code as product_code,\nb.product_name as product_name,\na.device_code as device_code,\nc.device_name as device_name,\na.produce_num as produce_num,\na.seq_time as seq_time,\na.real_runtime as real_runtime,\nb.rework_num as rework_num,\nb.rework_time as rework_time,\nb.discard_num as discard_num,\nrated_runtime as rated_runtime,\nstop_time as stop_time,\ninitial_time as initial_time\nfrom \ndemo_productnumber a \nleft join \ndemo_quality b on a.record_id = b.record_id \nleft join \ndemo_device c on a.device_code = c.device_code\nleft JOIN\ndemo_product d on a.product_code = d.product_name \nleft JOIN\ndemo_runtime e on a.device_code = e.device_code \nwhere\na.ymd between \'2020-01-01\' and \'2022-01-01\') base WHERE 1=1 ${dynamic_filters_placeholder} GROUP BY device_name', 'system');
-- INSERT INTO `sql_statement` (`id`, `encoded_sql`, `tenant_id`) VALUES (1457992747002834946, 'SELECT avg(real_runtime) AS real_runtime,avg(produce_num) AS produce_num,avg(seq_time) AS seq_time,avg(rated_runtime) AS rated_runtime,avg(rework_num) AS rework_num,device_name FROM (select\na.ymd as datetime,\nformatDateTime(a.ymd,\'%Y\') as year,\nformatDateTime(a.ymd,\'%Y-%m\') as month,\nformatDateTime(a.ymd,\'%Y-%m-%d\') as day,\na.product_code as product_code,\nb.product_name as product_name,\na.device_code as device_code,\nc.device_name as device_name,\na.produce_num as produce_num,\na.seq_time as seq_time,\na.real_runtime as real_runtime,\nb.rework_num as rework_num,\nb.rework_time as rework_time,\nb.discard_num as discard_num,\nrated_runtime as rated_runtime,\nstop_time as stop_time,\ninitial_time as initial_time\nfrom \ndemo_productnumber a \nleft join \ndemo_quality b on a.record_id = b.record_id \nleft join \ndemo_device c on a.device_code = c.device_code\nleft JOIN\ndemo_product d on a.product_code = d.product_name \nleft JOIN\ndemo_runtime e on a.device_code = e.device_code \nwhere\na.ymd between \'2020-01-01\' and \'2022-01-01\') base WHERE 1=1  AND datetime between #{startTime} and #{endTime}${dynamic_filters_placeholder} GROUP BY device_name', 'system');
-- INSERT INTO `sql_statement` (`id`, `encoded_sql`, `tenant_id`) VALUES (1457993183285948418, 'SELECT avg(real_runtime) AS real_runtime,avg(produce_num) AS produce_num,avg(seq_time) AS seq_time,avg(rated_runtime) AS rated_runtime,avg(rework_num) AS rework_num,device_name FROM (select\na.ymd as datetime,\nformatDateTime(a.ymd,\'%Y\') as year,\nformatDateTime(a.ymd,\'%Y-%m\') as month,\nformatDateTime(a.ymd,\'%Y-%m-%d\') as day,\na.product_code as product_code,\nb.product_name as product_name,\na.device_code as device_code,\nc.device_name as device_name,\na.produce_num as produce_num,\na.seq_time as seq_time,\na.real_runtime as real_runtime,\nb.rework_num as rework_num,\nb.rework_time as rework_time,\nb.discard_num as discard_num,\nrated_runtime as rated_runtime,\nstop_time as stop_time,\ninitial_time as initial_time\nfrom \ndemo_productnumber a \nleft join \ndemo_quality b on a.record_id = b.record_id \nleft join \ndemo_device c on a.device_code = c.device_code\nleft JOIN\ndemo_product d on a.product_code = d.product_name \nleft JOIN\ndemo_runtime e on a.device_code = e.device_code \nwhere\na.ymd between \'2020-01-01\' and \'2022-01-01\') base WHERE 1=1  AND datetime between #{startTime} and #{endTime}${dynamic_filters_placeholder} GROUP BY device_name', 'system');
-- INSERT INTO `sql_statement` (`id`, `encoded_sql`, `tenant_id`) VALUES (1457995725021589505, 'SELECT sum(produce_num) AS produce_num,sum(discard_num) AS discard_num,product_name FROM (select\na.ymd as datetime,\ntoYear(toDate(a.ymd)) as year_det,\ntoMonth(toDate(a.ymd)) as month_det,\ntoDayOfMonth(toDate(a.ymd)) as day_det,\nformatDateTime(a.ymd,\'%Y\') as year,\nformatDateTime(a.ymd,\'%Y-%m\') as month,\nformatDateTime(a.ymd,\'%Y-%m-%d\') as day,\nb.product_name as product_name,\na.device_code as device_code,\nc.device_name as device_name,\na.produce_num as produce_num,\nb.problem_type as problem_type,\nb.rework_num as rework_num,\nb.discard_num as discard_num\nfrom \ndemo_productnumber a \nleft join \ndemo_quality b on a.record_id = b.record_id \nleft join \ndemo_device c on a.device_code = c.device_code\nleft JOIN\ndemo_product d on a.product_code = d.product_name \nwhere\na.ymd between \'2020-01-01\' and \'2022-01-01\') base WHERE 1=1 ${dynamic_filters_placeholder} GROUP BY product_name', 'system');
-- INSERT INTO `sql_statement` (`id`, `encoded_sql`, `tenant_id`) VALUES (1457998430821625857, 'SELECT sum(produce_num) AS produce_num,sum(discard_num) AS discard_num,product_name FROM (select\na.ymd as datetime,\ntoYear(toDate(a.ymd)) as year_det,\ntoMonth(toDate(a.ymd)) as month_det,\ntoDayOfMonth(toDate(a.ymd)) as day_det,\nformatDateTime(a.ymd,\'%Y\') as year,\nformatDateTime(a.ymd,\'%Y-%m\') as month,\nformatDateTime(a.ymd,\'%Y-%m-%d\') as day,\nb.product_name as product_name,\na.device_code as device_code,\nc.device_name as device_name,\na.produce_num as produce_num,\nb.problem_type as problem_type,\nb.rework_num as rework_num,\nb.discard_num as discard_num\nfrom \ndemo_productnumber a \nleft join \ndemo_quality b on a.record_id = b.record_id \nleft join \ndemo_device c on a.device_code = c.device_code\nleft JOIN\ndemo_product d on a.product_code = d.product_name \nwhere\na.ymd between \'2020-01-01\' and \'2022-01-01\') base WHERE 1=1  AND datetime between #{startTime} and #{endTime}${dynamic_filters_placeholder} GROUP BY product_name', 'system');
-- INSERT INTO `sql_statement` (`id`, `encoded_sql`, `tenant_id`) VALUES (1457998940240818177, 'SELECT sum(produce_num) AS produce_num,sum(discard_num) AS discard_num,product_name FROM (select\na.ymd as datetime,\ntoYear(toDate(a.ymd)) as year_det,\ntoMonth(toDate(a.ymd)) as month_det,\ntoDayOfMonth(toDate(a.ymd)) as day_det,\nformatDateTime(a.ymd,\'%Y\') as year,\nformatDateTime(a.ymd,\'%Y-%m\') as month,\nformatDateTime(a.ymd,\'%Y-%m-%d\') as day,\nb.product_name as product_name,\na.device_code as device_code,\nc.device_name as device_name,\na.produce_num as produce_num,\nb.problem_type as problem_type,\nb.rework_num as rework_num,\nb.discard_num as discard_num\nfrom \ndemo_productnumber a \nleft join \ndemo_quality b on a.record_id = b.record_id \nleft join \ndemo_device c on a.device_code = c.device_code\nleft JOIN\ndemo_product d on a.product_code = d.product_name \nwhere\na.ymd between \'2020-01-01\' and \'2022-01-01\') base WHERE 1=1  AND datetime between #{startTime} and #{endTime}${dynamic_filters_placeholder} GROUP BY product_name', 'system');
